#SampleID,genotype,fertility,amf,rep,group,shoot_mass,root_mass,total_mass,ratio_root_to_shoot,root_colonization,TN,P,Ca,K,Mg,Na,S,B,Fe,Zn,Cu,Mn,Length,AvgDiam,Forks,SurfArea,Origin,Percent
L1,1,P,Y,1,Common (C. dactylon),29.961,4.46,34.421,0.129572064,43,1.3317,0.046,0.605,0.81,0.225,0.083,0.222,4.652,205.131,40.296,24.655,134.694,162.8464,0.2905,904,14.8643,African,100%
L10,1,PPP,Y,2,Common (C. dactylon),26.283,10.16,36.443,0.278791537,36,1.52,0.13,0.51,1.2,0.21,,0.34,5.4,291.1,29,15.8,66.9,329.7942,0.2978,2620,30.8595,African,100%
L100,9,PP,Y,5,Common (C. dactylon),18.142,6.82,24.962,0.273215287,21,1.36,0.076,0.905,1.171,0.223,0.082,0.36,6.216,48.811,38.705,9.024,55.564,229.4975,0.3495,1577,25.1969,Asian,100%
L101,9,PP,Y,1,Common (C. dactylon),25.649,10.88,36.529,0.297845547,26,1.25,0.09,0.58,1.01,0.16,,0.27,3.5,290.8,26.9,16.6,70.9,216.1839,0.3708,1395,25.1835,Asian,100%
L102,9,PP,Y,2,Common (C. dactylon),25.664,12.66,38.324,0.3303413,39,1.33,0.11,0.73,1.38,0.19,,0.37,7.2,265.7,29.2,20.7,83.9,302.0509,0.2743,1827,26.0297,Asian,100%
L103,9,PP,Y,4,Common (C. dactylon),20.877,9.99,30.867,0.323646613,43,1.13,0.108,0.698,0.954,0.205,0.074,0.279,4.911,152.31,21.092,15.818,49.094,223.9335,0.3073,1535,21.616,Asian,100%
L104,9,PPP,Y,5,Common (C. dactylon),26.25,14.52,40.77,0.356144224,36,1.58,0.093,0.903,1.222,0.233,0.095,0.347,5.941,50.27,25.073,7.445,50.379,502.1739,0.322,4918,50.8061,Asian,100%
L105,9,PPP,Y,1,Common (C. dactylon),16.197,4.11,20.307,0.202393263,39,1.67,0.116,1.042,1.37,0.278,0.08,0.468,5.601,80.98,44.453,14.094,138.823,265.3551,0.4142,1202,34.5309,Asian,100%
L106,9,PPP,Y,2,Common (C. dactylon),21.861,10.45,32.311,0.323419269,29,1.71,0.038,0.568,1.071,0.241,0.088,0.275,3.841,45.572,39.9,13.052,134.969,209.6834,0.3196,1627,21.0517,Asian,100%
L107,9,PPP,Y,4,Common (C. dactylon),26.584,12.25,38.834,0.315445228,24,1.53,0.098,0.805,1.131,0.219,0.091,0.34,6.891,80.31,26.738,9.972,53.268,385.0897,0.2497,3024,30.2032,Asian,100%
L108,10,P,Y,5,Hybrid (C. transvaalensis),16.614,9.06,25.674,0.352886188,37,1.39,0.064,0.73,1.026,0.172,0.086,0.24,1.925,86.188,38.666,12.482,140.044,361.7337,0.3429,2804,38.9643,African,100%
L109,10,P,Y,1,Hybrid (C. transvaalensis),16.22,8.94,25.16,0.355325914,30,1.35,0.1,0.73,1.28,0.2,,0.35,7.1,223.5,26.6,20,64.2,405.6096,0.3801,3661,48.4346,African,100%
L11,1,PPP,Y,4,Common (C. dactylon),29.797,14.14,43.937,0.32182443,26,1.2076,0.097,0.456,1.006,0.202,0.127,0.293,2.728,26.531,27.049,9.913,37.703,538.5714,0.3318,4405,56.1337,African,100%
L110,10,P,Y,2,Hybrid (C. transvaalensis),13.416,8.42,21.836,0.385601759,35,1.47,0.058,0.918,1.155,0.301,0.066,0.337,5.649,167.216,31.929,12.253,122.843,291.7232,0.3293,2170,30.1802,African,100%
L111,10,P,Y,4,Hybrid (C. transvaalensis),17.917,7.89,25.807,0.305731003,31,1.29,0.057,0.731,1.048,0.183,0.136,0.265,< 2.7,67.297,29.865,10.681,100.595,526.3769,0.322,4417,53.2482,African,100%
L112,10,PP,Y,5,Hybrid (C. transvaalensis),19.256,7.05,26.306,0.267999696,32,1.56,0.094,1.007,1.022,0.209,0.156,0.318,3.776,131.558,44.13,13.45,115.738,550.5494,0.3404,5270,58.8671,African,100%
L113,10,PP,Y,1,Hybrid (C. transvaalensis),17.77,7.17,24.94,0.287489976,34,1.35,0.1,0.73,1.3,0.2,,0.36,7.2,246.3,26.2,20.2,65.7,420.9916,0.3646,7106,48.22,African,100%
L114,10,PP,Y,2,Hybrid (C. transvaalensis),22.041,15.86,37.901,0.418458616,36,1.4,0.1,0.78,1.55,0.21,,0.44,6.9,217.5,29.8,23.5,141.9,294.0502,0.4034,2200,37.2675,African,100%
L115,10,PP,Y,4,Hybrid (C. transvaalensis),19.223,15.17,34.393,0.441078126,31,1.28,0.074,0.776,1.036,0.167,0.114,0.254,< 2.7,10.551,32.882,9.013,101.272,282.4746,0.3922,2328,34.8014,African,100%
L116,10,PPP,Y,5,Hybrid (C. transvaalensis),21.646,11.42,33.066,0.345369866,32,1.48,0.102,0.771,1.034,0.178,0.141,0.278,2.861,34.801,31.035,12.586,120.292,372.1666,0.3826,2921,44.7343,African,100%
L117,10,PPP,Y,1,Hybrid (C. transvaalensis),21.452,7.88,29.332,0.268648575,27,1.46,0.08,0.56,1.07,0.17,,0.34,2.8,149.3,24.6,14.9,102.6,345.5173,0.4043,2581,43.8808,African,100%
L118,10,PPP,Y,2,Hybrid (C. transvaalensis),21.591,13.94,35.531,0.392333455,35,1.26,0.045,0.752,1.144,0.198,0.079,0.265,< 2.7,57.768,32.468,20.111,203.801,455.3268,0.3335,4077,47.7125,African,100%
L119,10,PPP,Y,4,Hybrid (C. transvaalensis),23.776,9.56,33.336,0.286777058,23,0.981,0.072,0.514,0.933,0.133,0.147,0.209,< 2.7,62.093,19.206,8.867,69.168,362.9924,0.3686,3281,42.0347,African,100%
L12,1,PPP,Y,5,Common (C. dactylon),26.859,6.22,33.079,0.188034705,33,1.80624,0.146,0.771,1.178,0.265,0.142,0.395,7.61,190.761,35.647,16.696,58.723,264.1689,0.3459,1998,28.7104,African,100%
L120,11,P,Y,5,Hybrid (C. transvaalensis),13.846,5.07,18.916,0.268027067,44,1.3,0.101,0.708,1.009,0.191,0.203,0.357,< 2.7,56.221,35.854,12.814,74.845,234.7266,0.2873,2267,21.1837,African,100%
L121,11,P,Y,1,Hybrid (C. transvaalensis),17.55,9.27,26.82,0.345637584,28,1.2,0.066,0.721,1.078,0.193,0.115,0.261,3.092,50.262,37.845,11.8,189.077,361.539,0.3396,3321,38.5705,African,100%
L122,11,P,Y,2,Hybrid (C. transvaalensis),18.478,11.2,29.678,0.377383921,37,1.5,0.081,0.683,1.038,0.158,0.157,0.306,< 2.7,42.284,32.456,13.936,125.421,171.9277,0.3489,1128,18.8467,African,100%
L123,11,P,Y,4,Hybrid (C. transvaalensis),12.02,7.73,19.75,0.391392405,20,1.66,0.086,0.729,1.033,0.159,0.139,0.332,< 2.7,62.95,28.058,9.827,77.525,367.6523,0.3189,3225,36.8363,African,100%
L124,11,PP,Y,5,Hybrid (C. transvaalensis),17.21,9.4,26.61,0.353250658,31,1.62,0.071,0.586,0.967,0.144,0.11,0.284,< 2.7,,25.126,8.93,113.127,182.9152,0.3239,1410,18.6123,African,100%
L125,11,PP,Y,1,Hybrid (C. transvaalensis),12.24,7.92,20.16,0.392857143,29,1.81,0.094,1,1.048,0.229,0.214,0.409,< 2.7,327.99,34.78,14.297,120.737,249.0252,0.4569,2596,35.7473,African,100%
L126,11,PP,Y,2,Hybrid (C. transvaalensis),16.25,14.78,31.03,0.476313245,32,1.73,0.145,0.894,1.049,0.204,0.186,0.351,< 2.7,132.622,28.845,19.131,67.131,346.0099,0.3032,2926,32.9546,African,100%
L127,11,PP,Y,4,Hybrid (C. transvaalensis),18.37,11.08,29.45,0.3762309,26,1.61,0.084,0.641,1.066,0.172,0.164,0.323,2.758,61.511,23.839,11.913,103.352,399.9506,0.3087,3780,38.7822,African,100%
L128,11,PPP,Y,5,Hybrid (C. transvaalensis),16.924,4.59,21.514,0.213349447,35,1.4,0.109,0.748,0.902,0.173,0.159,0.305,2.981,213.316,21.36,16.619,76.546,140.8455,0.3721,1182,16.4639,African,100%
L129,11,PPP,Y,1,Hybrid (C. transvaalensis),22.57,7.95,30.52,0.260484928,32,1.41,0.08,0.59,1.19,0.17,,0.34,3.7,159.9,24.6,17.6,104.2,165.1576,0.4807,823,24.9414,African,100%
L13,2,P,Y,1,Hybrid (C. transvaalensis),27.212,10.82,38.032,0.284497265,30,1.61648,0.066,0.764,0.835,0.23,0.08,0.28,5.134,780.845,34.869,26.271,172.226,,,,,Asian,67%
L130,11,PPP,Y,2,Hybrid (C. transvaalensis),18.875,7.68,26.555,0.289211071,46,1.38,0.09,0.66,1.26,0.19,,0.4,4.2,176.4,28.9,18.4,115.1,258.8373,0.3112,2004,25.3077,African,100%
L131,11,PPP,Y,4,Hybrid (C. transvaalensis),22.096,12.11,34.206,0.354031456,24,1.63,0.067,0.736,1.136,0.193,0.123,0.358,< 2.7,87.001,34.698,12.085,190.164,311.2068,0.3109,2032,30.3986,African,100%
L132,12,P,Y,5,Common (C. dactylon),20.743,22.08,42.823,0.51561077,19,1.11,0.065,0.798,0.878,0.206,0.107,0.268,< 2.741,521.267,26.939,27.983,68.421,171.4422,0.3825,1295,20.5996,Unknown,
L133,12,P,Y,1,Common (C. dactylon),16.89,9.18,26.07,0.352128884,36,1.57,0.093,0.897,1.215,0.213,0.121,0.42,5.256,100.415,39.845,20.868,163.925,303.4286,0.3759,5572,35.8327,Unknown,
L134,12,P,Y,2,Common (C. dactylon),8.435,11.07,19.505,0.567546783,22,1.5,0.09,0.977,1.145,0.222,0.123,0.394,3.777,87.637,28.991,15.58,134.533,670.348,0.254,7495,53.4974,Unknown,
L135,12,P,Y,4,Common (C. dactylon),13.462,9.94,23.402,0.424750021,29,1.25,0.147,0.718,1.375,0.235,0.114,0.383,< 2.741,57.355,28.384,13.135,62.865,782.7421,0.296,9076,72.7977,Unknown,
L136,12,PP,Y,5,Common (C. dactylon),24.103,14.79,38.893,0.380274085,29,1.38,0.111,0.7,1.23,0.206,0.127,0.349,< 2.7,51.201,20.924,6.63,65.588,113.4338,0.455,895,16.213,Unknown,
L137,12,PP,Y,1,Common (C. dactylon),20.7,12.77,33.47,0.381535704,25,1.08,0.069,0.91,1.216,0.269,0.151,0.439,5.132,79.936,29.008,18.303,95.96,299.5001,0.3637,3385,34.2203,Unknown,
L138,12,PP,Y,2,Common (C. dactylon),25.741,14.02,39.761,0.352606826,37,1.31,0.068,0.653,1.317,0.214,0.073,0.333,< 2.7,73.047,28.815,12.93,103.871,346.0099,0.3032,2926,32.9546,Unknown,
L139,12,PP,Y,4,Common (C. dactylon),24.371,13.41,37.781,0.354940314,23,1.42,0.12,0.665,1.343,0.221,0.179,0.354,< 2.7,76.989,28.848,11.537,81,236.3163,0.3206,2032,23.7998,Unknown,
L14,2,P,Y,2,Hybrid (C. transvaalensis),26.914,24.96,51.874,0.481165902,31,1.515744,0.066,0.623,0.856,0.232,0.088,0.297,6.156,38.821,24.779,11.219,60.129,261.171,0.2665,1793,21.8664,Asian,67%
L140,12,PPP,Y,5,Common (C. dactylon),24.715,10.54,35.255,0.298964686,33,1.34,0.113,0.846,1.215,0.304,0.326,0.418,6.801,273.14,24.45,18.553,66.352,342.0723,0.3564,2962,38.3052,Unknown,
L141,12,PPP,Y,1,Common (C. dactylon),15.746,7.95,23.696,0.335499662,26,1.44,0.172,0.811,1.096,0.216,0.234,0.398,3.898,176.603,38.404,31.418,103.249,352.5612,0.3185,3244,35.2742,Unknown,
L142,12,PPP,Y,2,Common (C. dactylon),34.354,14.69,49.044,0.299526955,24,1.17,0.108,0.674,1.061,0.202,0.147,0.293,3.666,148.462,18.916,20.495,59.998,334.4617,0.308,2403,32.3577,Unknown,
L143,12,PPP,Y,4,Common (C. dactylon),25.585,12.47,38.055,0.327683616,35,1.24,0.118,0.75,1.259,0.222,0.175,0.341,3.508,120.373,24.606,14.092,66.96,348.0817,0.3242,3531,35.45,Unknown,
L144,4,P,Y,2,Hybrid (C. transvaalensis),23.56,21.53,45.09,0.477489466,36,1.22,0.08,0.5,1.04,0.18,,0.28,3.6,327.3,26.4,16.6,60.5,237.1588,0.3044,1809,22.6786,Asian,67%
L15,2,P,Y,4,Hybrid (C. transvaalensis),25.805,21.39,47.195,0.453225977,29,1.5,0.08,0.716,0.884,0.242,0.114,0.305,7.669,11.219,28.51,13.692,56.315,350.8655,0.3256,2628,35.8935,Asian,67%
L16,2,P,Y,5,Hybrid (C. transvaalensis),24.649,14.78,39.429,0.374850998,27,0.964896,0.042,0.811,0.575,0.27,0.074,0.248,4.777,1161.97,31.238,14.709,204.839,229.8953,0.2644,1349,19.0924,Asian,67%
L17,2,PP,Y,1,Hybrid (C. transvaalensis),25.19,17.34,42.53,0.407712203,22,1.24,0.09,0.42,0.98,0.16,,0.26,2.9,314.9,24.5,36.7,46.5,483.4013,0.2818,7150,42.7958,Asian,67%
L18,2,PP,Y,2,Hybrid (C. transvaalensis),25.02,33.25,58.27,0.57061953,24,1.50456,0.087,0.548,0.943,0.23,0.122,0.311,6.99,9.25,23.302,10.447,54.329,376.7415,0.2956,2664,34.9834,Asian,67%
L19,2,PP,Y,4,Hybrid (C. transvaalensis),26.279,18.01,44.289,0.406647249,47,1.475728,0.071,0.723,0.87,0.244,0.1,0.334,7.927,44.471,21.85,12.769,63.621,236.4867,0.2585,1455,19.2076,Asian,67%
L2,1,P,Y,2,Common (C. dactylon),27.196,10.84,38.036,0.284993164,23,1.41,0.12,0.56,1.13,0.25,,0.31,8.4,562.7,30.3,12.5,113.2,317.005,0.3168,2331,31.5483,African,100%
L20,2,PP,Y,5,Hybrid (C. transvaalensis),23.398,32.15,55.548,0.578778714,21,1.564752,0.077,0.91,0.942,0.309,0.093,0.439,8.759,71.522,29.86,27.918,154.482,219.6868,0.36,1752,24.8471,Asian,67%
L21,2,PPP,Y,1,Hybrid (C. transvaalensis),32.315,8.88,41.195,0.215560141,22,1.25,0.13,0.58,0.98,0.19,,0.34,4.6,372.3,28.6,39.6,49.4,461.5967,0.1999,6779,28.987,Asian,67%
L22,2,PPP,Y,2,Hybrid (C. transvaalensis),26.118,24.54,50.658,0.484424967,37,1.62304,0.041,0.768,0.752,0.346,0.069,0.307,7.961,16.308,28.246,14.556,243.695,283.5368,0.31,2007,27.6136,Asian,67%
L23,2,PPP,Y,4,Hybrid (C. transvaalensis),33.426,17.72,51.146,0.346459156,50,1.512608,0.032,0.696,0.712,0.36,0.073,0.306,8.539,2.719,31.102,10.618,277.9,407.463,0.2434,2625,31.1579,Asian,67%
L24,2,PPP,Y,5,Hybrid (C. transvaalensis),28.75,13.17,41.92,0.314169847,35,1.65632,0.044,0.855,0.822,0.371,0.086,0.336,8.129,18.818,33.412,15.129,222.03,304.808,0.2321,1989,22.2288,Asian,67%
L25,3,P,Y,1,Common (C. dactylon),23.875,29.26,53.135,0.550672815,27,1.35,0.1,0.55,1.08,0.16,,0.33,5,184,24.2,18.7,57.7,511.0657,0.3775,4057,60.6029,Unknown,
L26,3,P,Y,2,Common (C. dactylon),32.483,19.93,52.413,0.380249175,31,1.314448,0.1,0.486,0.925,0.172,0.107,0.28,2.561,116.952,36.658,29.162,70.187,211.7978,0.3871,1143,25.7552,Unknown,
L27,3,P,Y,4,Common (C. dactylon),26.068,20.59,46.658,0.441296241,41,1.566224,0.057,0.708,0.971,0.349,0.069,0.341,9.92,23.967,31.206,13.057,278.542,330.6835,0.3188,2294,33.1161,Unknown,
L28,3,P,Y,5,Common (C. dactylon),27.281,21.13,48.411,0.43647105,39,1.418368,0.066,0.947,0.886,0.318,0.103,0.414,7.624,19.498,27.826,12.337,189.921,259.4584,0.4272,2180,34.8183,Unknown,
L29,3,PP,Y,1,Common (C. dactylon),32.182,27.25,59.432,0.458507202,31,1.409424,0.071,0.838,1.001,0.203,0.16,0.374,6.946,80.651,18.124,8.375,76.826,450.1358,0.3788,3253,53.57,Unknown,
L3,1,P,Y,4,Common (C. dactylon),20.6478,17.37,38.0178,0.456891246,25,1.4798,0.066,0.643,1.259,0.27,0.117,0.337,7.465,292.464,41.826,17.693,86.401,394.4167,0.28,3677,34.6959,African,100%
L30,3,PP,Y,2,Common (C. dactylon),30.928,19.17,50.098,0.382650006,29,1.37,0.11,0.63,1.15,0.17,,0.35,8.8,129.6,20.3,12.6,50.8,227.2244,0.3869,2002,27.6202,Unknown,
L31,3,PP,Y,4,Common (C. dactylon),29.247,6.35,35.597,0.178385819,34,1.46592,0.038,1.022,0.916,0.225,0.1,0.304,5.937,227.374,21.611,27.65,172.951,401.9048,0.2577,2940,32.5373,Unknown,
L32,3,PP,Y,5,Common (C. dactylon),25.372,6.35,31.722,0.200176534,31,1.375616,0.028,0.799,0.937,0.18,0.074,0.224,3.234,230.935,19.562,12.443,172.603,195.3137,0.3167,1584,19.4306,Unknown,
L33,3,PPP,Y,1,Common (C. dactylon),20.904,13.47,34.374,0.391865945,31,1.78336,0.124,0.871,1.336,0.238,0.215,0.375,10.98,223.764,23.572,11.01,58.559,605.3476,0.3317,6597,63.0901,Unknown,
L34,3,PPP,Y,2,Common (C. dactylon),17.578,8.31,25.888,0.320998146,35,2.13056,0.153,0.948,1.405,0.244,0.149,0.405,12.584,340.544,32.612,14.964,74.799,403.7285,0.3101,4190,39.3259,Unknown,
L35,3,PPP,Y,4,Common (C. dactylon),29.06,17.55,46.61,0.376528642,33,1.75328,0.048,1.077,1.019,0.245,0.1,0.342,12.567,188.046,31.212,15.234,222.273,374.3213,0.2881,3067,33.8819,Unknown,
L36,3,PPP,Y,5,Common (C. dactylon),19.792,6.12,25.912,0.236184007,25,1.454592,0.053,1.003,1.101,0.235,0.098,0.358,10.225,208.338,27.478,14.15,222.187,253.2371,0.3285,1855,26.1351,Unknown,
L37,4,P,Y,1,Hybrid (C. transvaalensis),23.54,11.13,34.67,0.321026824,40,1.83328,0.131,0.806,1.617,0.224,0.183,0.427,10.288,81.749,20.654,8.443,61.749,374.7458,0.2911,2819,34.2731,Asian,67%
L38,4,P,Y,5,Hybrid (C. transvaalensis),19.236,11.76,30.996,0.379403794,26,,,,,,,,,,,,,315.7242,0.2503,2910,24.8275,Asian,67%
L39,4,P,Y,4,Hybrid (C. transvaalensis),28.539,25.01,53.549,0.467048871,31,2.03616,0.143,1.11,1.653,0.25,0.201,0.477,14.695,223.25,22.072,9.973,53.039,271.4875,0.2742,1333,23.3852,Asian,67%
L40,4,PP,Y,5,Hybrid (C. transvaalensis),22.988,14.48,37.468,0.386463115,19,1.66496,0.106,0.959,1.028,0.294,0.148,0.44,8.038,215.913,30.251,17.746,83.483,372.4074,0.2833,2761,33.1413,Asian,67%
L41,4,PP,Y,1,Hybrid (C. transvaalensis),25.427,21.15,46.577,0.454086781,34,1.595008,0.097,0.728,1.043,0.247,0.106,0.356,6.607,196.552,39.274,29.826,80.147,282.8641,0.3784,2335,33.63,Asian,67%
L42,4,PP,Y,2,Hybrid (C. transvaalensis),21.647,24.9,46.547,0.534943176,54,1.46,0.09,0.43,1.02,0.17,,0.24,4.6,159,31.5,19.6,64.2,489.4508,0.2773,4897,42.6416,Asian,67%
L43,4,PP,Y,4,Hybrid (C. transvaalensis),27.679,14.67,42.349,0.346407235,26,1.440608,0.076,0.791,0.872,0.275,0.101,0.319,9.252,159.047,31.047,15.85,110.734,201.689,0.3131,1843,19.8378,Asian,67%
L44,4,PPP,Y,5,Hybrid (C. transvaalensis),29.403,13.01,42.413,0.306745573,29,1.56544,0.129,0.828,1.104,0.288,0.165,0.422,7.264,180.538,45.894,28.084,76.826,297.094,0.3664,2614,34.2017,Asian,67%
L45,4,PPP,Y,1,Hybrid (C. transvaalensis),27.994,23.8,51.794,0.459512685,37,1.77456,0.07,0.988,0.891,0.453,0.09,0.339,10.341,111.532,36.765,19.252,236.355,195.562,0.3867,1526,23.756,Asian,67%
L46,4,PPP,Y,2,Hybrid (C. transvaalensis),23.472,30.43,53.902,0.56454306,37,1.60032,0.115,0.867,1.054,0.273,0.139,0.394,8.499,147.16,26.232,20.854,83.259,261.25,0.2949,1943,24.2018,Asian,67%
L47,4,PPP,Y,4,Hybrid (C. transvaalensis),22.215,17.48,39.695,0.440357728,35,1.46912,0.118,0.857,0.934,0.297,0.162,0.393,10.336,181.91,35.852,23.488,73.086,297.8758,0.2692,2235,25.1957,Asian,67%
L48,5,P,Y,5,Common (C. dactylon),17.377,8.07,25.447,0.317129721,28,1.510048,0.077,1.081,0.782,0.338,0.114,0.394,8.575,128.972,42.303,37.673,187.024,314.6398,0.2991,2711,29.5698,Unknown,
L49,5,P,Y,1,Common (C. dactylon),16.7,25.31,42.01,0.602475601,57,1.47,0.1,0.6,1.21,0.2,,0.35,4,214.4,21.9,15,48,141.0626,0.4915,563,21.7803,Unknown,
L5,1,P,Y,5,Common (C. dactylon),22.265,15.25,37.515,0.406504065,19,1.6442,0.075,0.715,1.236,0.272,0.117,0.361,7.189,174.767,46.637,16.935,70.928,284.2965,0.3322,2220,29.6727,African,
L5-2,1,PP,Y,1,Common (C. dactylon),21.107,2.09,23.197,0.090097857,31,1.8702,0.106,0.729,0.977,0.251,0.109,0.359,4.808,903.486,46.818,36.468,81.061,,,,,African,100%
L50,5,P,Y,2,Common (C. dactylon),18.999,10.62,29.619,0.358553631,30,1.4,0.09,0.58,1.11,0.2,,0.32,4.6,145.3,21.1,13.6,47.2,227.8566,0.2744,1484,19.6415,Unknown,
L51,5,P,Y,4,Common (C. dactylon),15.751,9.68,25.431,0.380637804,34,1.413648,0.12,0.971,0.875,0.323,0.23,0.457,8.733,311.746,35.646,32.031,64.165,159.7101,0.2667,881,13.3811,Unknown,
L52,5,PP,Y,5,Common (C. dactylon),20.634,15.36,35.994,0.42673779,41,1.8696,0.101,0.992,1.337,0.297,0.147,0.441,6.674,130.043,30.493,23.065,62.934,219.2455,0.3115,1273,21.4531,Unknown,
L53,5,PP,Y,1,Common (C. dactylon),16.772,8.97,25.742,0.348457773,29,1.49,0.09,0.48,1.1,0.18,,0.3,2.7,184.1,31.8,20.2,61.1,217.2849,0.3042,1371,20.765,Unknown,
L54,5,PP,Y,2,Common (C. dactylon),17.686,13.13,30.816,0.426077362,32,1.549344,0.103,0.851,1.016,0.297,0.125,0.453,7.872,45.994,33.845,12.472,169.312,145.7098,0.3439,987,15.7443,Unknown,
L55,5,PP,Y,4,Common (C. dactylon),22.331,16.05,38.381,0.41817566,41,1.8392,0.104,1.037,1.202,0.318,0.158,0.47,9.269,92.575,27.98,11.386,50.243,104.4982,0.4609,565,15.1305,Unknown,
L56,5,PPP,Y,5,Common (C. dactylon),25.758,18.67,44.428,0.420230485,37,1.579984,0.091,0.881,1.187,0.248,0.138,0.432,4.567,140.655,25.172,12.079,68.24,380.7541,0.2728,2743,32.636,Unknown,
L57,5,PPP,Y,1,Common (C. dactylon),15.662,8,23.662,0.338094836,36,1.504752,0.106,0.956,1.125,0.293,0.148,0.432,7.906,130.836,30.5,16.196,63.877,447.5651,0.225,9352,31.638,Unknown,
L58,5,PPP,Y,2,Common (C. dactylon),24.443,10.7,35.143,0.304470307,38,1.48,0.1,0.63,1.13,0.21,0.33,4.2,18.54,18.4,14.3,59.3,,314.6172,0.2964,2839,29.294,Unknown,
L59,5,PPP,Y,4,Common (C. dactylon),22.891,14.91,37.801,0.39443401,29,1.420384,0.089,0.857,1.063,0.241,0.116,0.364,6.032,157.649,23.221,12.777,66.133,216.3995,0.378,1397,25.6982,Unknown,
L6,1,PP,Y,2,Common (C. dactylon),24.245,8.96,33.205,0.26983888,26,1.5441,0.092,0.801,1.112,0.282,0.125,0.376,6.963,591.488,41.017,28.89,73.543,435.9166,0.3489,4099,47.7741,African,100%
L60,6,P,Y,5,Hybrid (C. transvaalensis),21.227,7.9,29.127,0.27122601,33,1.272544,0.049,1.094,0.967,0.25,0.1,0.35,4.629,240.071,21.815,18.946,73.193,193.5233,0.4071,1912,24.7493,Asian,75%
L61,6,P,Y,1,Hybrid (C. transvaalensis),15.111,6.34,21.451,0.295557317,32,1.66896,0.13,0.843,1.152,0.256,0.118,0.367,3.226,345.6,62.557,29.263,67.178,522.2364,0.2357,7997,38.6726,Asian,75%
L62,6,P,Y,2,Hybrid (C. transvaalensis),19.693,3.88,23.573,0.164595088,25,1.51784,0.119,0.828,1.158,0.248,0.124,0.406,5.606,157.515,26.714,13.131,66.625,180.8538,0.2146,1267,12.1955,Asian,75%
L63,6,P,Y,4,Hybrid (C. transvaalensis),20.722,12.74,33.462,0.380730381,29,1.37344,0.105,0.905,1.043,0.255,0.134,0.414,7.373,107.755,25.447,11.325,72.027,216.0892,0.3515,1711,23.8654,Asian,75%
L64,6,PP,Y,5,Hybrid (C. transvaalensis),23.407,9.16,32.567,0.281266313,24,1.490064,0.06,0.778,1.114,0.231,0.177,0.327,9.246,193.041,33.572,16.006,61.022,252.1675,0.3349,1938,26.5272,Asian,75%
L65,6,PP,Y,1,Hybrid (C. transvaalensis),20.612,15.15,35.762,0.423634025,42,1.564752,0.064,1.042,1.031,0.248,0.084,0.364,8.668,502.387,40.999,49.371,79.963,145.5838,0.4753,859,21.7408,Asian,75%
L66,6,PP,Y,2,Hybrid (C. transvaalensis),17.692,13.86,31.552,0.439274848,32,1.63344,0.053,0.775,1.351,0.2,0.107,0.339,9.613,295.063,34.302,16.924,56.827,214.5563,0.3187,1390,21.4827,Asian,75%
L67,6,PP,Y,4,Hybrid (C. transvaalensis),30.406,6.73,37.136,0.181225765,27,1.353056,0.055,0.682,1.058,0.209,0.126,0.284,8.637,162.681,34.338,17.993,65.723,176.8646,0.2966,1039,16.4826,Asian,75%
L68,6,PPP,Y,5,Hybrid (C. transvaalensis),27.758,11.19,38.948,0.287306152,32,1.270496,0.052,0.974,0.717,0.255,0.07,0.32,7.971,263.769,41.6,26.494,148.139,246.7775,0.3286,1648,25.4773,Asian,75%
L69,6,PPP,Y,1,Hybrid (C. transvaalensis),22.709,4.8,27.509,0.174488349,36,1.447888,0.075,0.818,1.025,0.219,0.103,0.331,9.66,189.73,33.673,24.364,64.343,181.7397,0.3066,1277,17.506,Asian,75%
L7,1,PP,Y,4,Common (C. dactylon),30.64,11.31,41.95,0.269606675,30,1.6081,0.116,0.67,1.304,0.281,0.181,0.359,8.354,77.268,36.093,11.866,54.838,367.4444,0.376,3060,43.4037,African,100%
L70,6,PPP,Y,2,Hybrid (C. transvaalensis),27.818,17.04,44.858,0.379865353,32,1.241424,0.059,0.728,0.856,0.205,0.099,0.262,10.13,110.337,26.545,14.826,54.724,246.4734,0.337,2045,26.0969,Asian,75%
L71,6,PPP,Y,4,Hybrid (C. transvaalensis),19.755,11.51,31.265,0.368143291,29,1.453152,0.081,0.769,1.04,0.209,0.117,0.329,10.443,95.799,31.709,23.315,52.665,220.8936,0.2541,1478,17.6336,Asian,75%
L72,7,P,Y,5,Hybrid (C. transvaalensis),22.47,8.59,31.06,0.276561494,40,1.6,0.066,0.61,1.092,0.238,0.154,0.269,6.672,57.201,30.798,18.407,62.069,162.7737,0.2392,920,12.2329,Asian,67%
L73,7,P,Y,1,Hybrid (C. transvaalensis),22.373,19.1,41.473,0.460540593,40,1.48,0.069,0.658,1.033,0.236,0.119,0.244,5.202,177.682,41.401,30.058,65.222,462.1462,0.2701,3214,39.2201,Asian,67%
L74,7,P,Y,2,Hybrid (C. transvaalensis),27.76,18.89,46.65,0.404930332,48,1.51,0.07,0.4,0.93,0.17,,0.23,5.1,96.5,24.8,15.1,52.3,146.8236,0.2075,593,9.5718,Asian,67%
L75,7,P,Y,4,Hybrid (C. transvaalensis),28.658,19.17,47.828,0.40081124,24,1.28,0.038,0.353,0.819,0.166,0.132,0.182,< 2.7,64.964,25.767,14.908,36.773,191.8436,0.2994,1422,18.0418,Asian,67%
L76,7,PP,Y,5,Hybrid (C. transvaalensis),25.428,7.54,32.968,0.228706625,30,1.36,0.075,0.604,0.97,0.233,0.209,0.26,5.895,61.87,32.419,20.127,49.807,224.0538,0.3015,1544,21.2234,Asian,67%
L77,7,PP,Y,1,Hybrid (C. transvaalensis),25.127,12.53,37.657,0.332740261,38,1.43,0.084,0.5,1.109,0.21,0.156,0.255,5.764,50.904,37.533,28.137,45.216,249.9257,0.4364,4194,34.2611,Asian,67%
L78,7,PP,Y,2,Hybrid (C. transvaalensis),27.585,14.85,42.435,0.349946978,50,1.33,0.076,0.625,1.031,0.234,0.196,0.268,6.624,574.163,27.159,16.325,55.19,231.0284,0.2422,926,17.5785,Asian,67%
L79,7,PP,Y,4,Hybrid (C. transvaalensis),26.05,19.68,45.73,0.430352066,35,1.44,0.084,0.61,1.023,0.239,0.152,0.264,8.302,38.824,34.368,18.934,52.773,211.5977,0.3392,1556,22.5497,Asian,67%
L8,1,PP,Y,5,Common (C. dactylon),22.414,5.45,27.864,0.19559288,25,1.9906,0.13,0.656,1.438,0.27,0.163,0.407,7.597,78.135,42.441,16.314,52.387,317.4234,0.3785,2389,37.7457,African,100%
L80,7,PPP,Y,5,Hybrid (C. transvaalensis),30.161,21.9,52.061,0.420660379,32,1.33,0.09,0.517,0.928,0.212,0.268,0.277,4.648,94.673,26.328,13.714,47.383,144.079,0.2406,892,10.8913,Asian,67%
L81,7,PPP,Y,1,Hybrid (C. transvaalensis),24.411,25.13,49.541,0.507256616,44,1.26,0.097,0.645,0.851,0.243,0.237,0.305,5.778,197.357,33.727,26.568,50.296,301.958,0.2885,2066,27.3673,Asian,67%
L82,7,PPP,Y,2,Hybrid (C. transvaalensis),25.64,20.32,45.96,0.442123586,46,1.37,0.087,0.441,1.096,0.199,0.207,0.258,3.659,19.214,28.799,13.454,41.55,189.9677,0.2448,1072,14.6083,Asian,67%
L84,8,P,Y,5,Hybrid (C. transvaalensis),19.91,15.15,35.06,0.432116372,18,1.76,0.109,0.787,1.133,0.231,0.258,0.356,6.592,52.854,49.912,29.338,60.235,85.5347,0.3924,201,10.5442,African,100%
L85,8,P,Y,1,Hybrid (C. transvaalensis),16.153,8.19,24.343,0.336441688,32,1.68,0.1,0.66,0.996,0.198,0.213,0.289,4.723,146.058,34.829,22.517,56.944,121.2047,0.3856,372,14.6816,African,100%
L86,8,P,Y,2,Hybrid (C. transvaalensis),11.777,9.8,21.577,0.454187329,26,1.61,0.082,0.583,1.068,0.194,0.296,0.325,5.267,76.765,48.288,13.218,45.992,78.3575,0.303,145,7.4584,African,100%
L87,8,P,Y,4,Hybrid (C. transvaalensis),12.67,12.18,24.85,0.490140845,29,1.78,0.093,0.714,1.133,0.209,0.159,0.359,3.13,61.766,35.99,16.872,57.576,111.278,0.365,374,12.7602,African,100%
L88,8,PP,Y,5,Hybrid (C. transvaalensis),20.71,15.96,36.67,0.435233161,46,2,0.153,0.889,1.272,0.247,0.324,0.401,8.586,63.844,42.699,25.878,65.801,70.373,0.4671,159,10.327,African,100%
L89,8,PP,Y,1,Hybrid (C. transvaalensis),18.83,6.09,24.92,0.244382022,35,1.54,0.135,0.581,1.247,0.181,0.298,0.359,3.076,64.452,35.753,17.506,45.162,84.6866,0.3458,217,9.2012,African,100%
L9,1,PPP,Y,1,Common (C. dactylon),23.901,6.63,30.531,0.217156333,29,1.6097,0.139,0.564,1.372,0.236,0.147,0.33,5.373,122.288,36.51,16.008,48.342,362.9896,0.3369,2986,38.4202,African,100%
L90,8,PP,Y,2,Hybrid (C. transvaalensis),20.14,10.42,30.56,0.340968586,28,1.68,0.129,0.707,1.18,0.212,0.272,0.372,3.369,241.101,30.587,13.512,51.533,67.194,0.222,135,4.6869,African,100%
L91,8,PP,Y,4,Hybrid (C. transvaalensis),21.67,8.24,29.91,0.275493146,56,1.32,0.1,0.43,0.97,0.13,,0.26,3.2,110.3,24.2,12.9,33.9,28.3046,0.4048,8,3.5998,African,100%
L92,8,PPP,Y,5,Hybrid (C. transvaalensis),26.61,3.22,29.83,0.107945022,29,1.47,0.149,0.626,1.049,0.184,0.317,0.327,4.563,55.883,37.706,23.906,39.607,93.3269,0.328,420,9.6157,African,100%
L93,8,PPP,Y,1,Hybrid (C. transvaalensis),21.52,8.43,29.95,0.281469115,25,1.9,0.164,0.782,1.268,0.223,0.262,0.348,8.063,88.906,38.637,35.684,55.54,78.3502,0.4112,222,10.1216,African,100%
L94,8,PPP,Y,2,Hybrid (C. transvaalensis),24.06,26.14,50.2,0.520717131,39,1.45,0.148,0.782,1.047,0.247,0.339,0.376,9.481,61.493,30.574,17.608,56.907,100.8828,0.3474,239,11.0117,African,100%
L95,8,PPP,Y,4,Hybrid (C. transvaalensis),22.51,8.57,31.08,0.275740026,40,1.3,0.17,0.806,1.234,0.224,0.361,0.398,8.596,44.737,36.247,19.015,46.171,106.458,0.3194,150,10.6812,African,100%
L96,9,P,Y,5,Common (C. dactylon),18.365,8.69,27.055,0.321197561,31,1.44,0.067,0.68,1.16,0.211,0.095,0.304,4.027,94.96,28.492,11.294,50.201,357.6942,0.2741,2434,30.8066,Asian,100%
L97,9,P,Y,1,Common (C. dactylon),20.526,5.16,25.686,0.200887643,36,1.64,0.114,0.658,1.264,0.204,0.19,0.341,4.94,4.08,23.535,14.128,71.663,213.3945,0.3306,1244,22.1649,Asian,100%
L98,9,P,Y,2,Common (C. dactylon),21.606,8.77,30.376,0.288714775,44,1.39,0.09,0.66,1.16,0.2,,0.31,5.7,149.7,29.1,13.4,63,158.9038,0.2703,1182,13.492,Asian,100%
L99,9,P,Y,4,Common (C. dactylon),20.784,10.75,31.534,0.340901884,57,1.6,0.051,0.696,1.118,0.228,0.06,0.311,5.12,60.153,31.814,11.495,67.191,405.0234,0.293,3263,37.2849,Asian,100%
